two_theta,intensity
5,0
5.02,0
5.04,0
5.06,-1e-07
5.08,-1e-07
5.1,-1e-07
5.12,-1e-07
5.14,0
5.16,0
5.18,1e-07
5.2,1e-07
5.22,2e-07
5.24,3e-07
5.26,1.2e-06
5.28,1.5e-06
5.3,1.7e-06
5.32,2.1e-06
5.34,2.5e-06
5.36,3e-06
5.38,3.7e-06
5.4,4.6e-06
5.42,5.8e-06
5.44,7.4e-06
5.46,9.6e-06
5.48,1.29e-05
5.5,1.81e-05
5.52,2.66e-05
5.54,4.11e-05
5.56,6.44e-05
5.58,9.7e-05
5.6,0.0001282
5.62,0.0001311
5.64,0.0001024
5.66,6.87e-05
5.68,4.39e-05
5.7,2.82e-05
5.72,1.88e-05
5.74,1.32e-05
5.76,9.7e-06
5.78,7.3e-06
5.8,5.6e-06
5.82,4.3e-06
5.84,3.4e-06
5.86,2.6e-06
5.88,2.1e-06
5.9,1.6e-06
5.92,1.3e-06
5.94,5.5e-06
5.96,5.4e-06
5.98,5.4e-06
6,5.4e-06
6.02,5.5e-06
6.04,5.6e-06
6.06,5.8e-06
6.08,6e-06
6.1,6.3e-06
6.12,6.6e-06
6.14,7e-06
6.16,7.4e-06
6.18,7.8e-06
6.2,8.4e-06
6.22,9e-06
6.24,9.6e-06
6.26,1.04e-05
6.28,1.13e-05
6.3,1.23e-05
6.32,1.34e-05
6.34,1.47e-05
6.36,1.62e-05
6.38,1.79e-05
6.4,1.99e-05
6.42,2.24e-05
6.44,2.53e-05
6.46,2.88e-05
6.48,3.31e-05
6.5,3.85e-05
6.52,4.54e-05
6.54,5.45e-05
6.56,6.68e-05
6.58,8.42e-05
6.6,0.0001107
6.62,0.0001537
6.64,0.0002259
6.66,0.0003436
6.68,0.0005163
6.7,0.0007078
6.72,0.0007805
6.74,0.0006537
6.76,0.0004608
6.78,0.0003078
6.8,0.000209
6.82,0.0001505
6.84,0.0001168
6.86,9.69e-05
6.88,8.47e-05
6.9,7.72e-05
6.92,7.29e-05
6.94,7.09e-05
6.96,7.08e-05
6.98,7.24e-05
7,7.55e-05
7.02,8.01e-05
7.04,8.65e-05
7.06,9.47e-05
7.08,0.0001051
7.1,0.0001181
7.12,0.0001347
7.14,0.0001558
7.16,0.0001829
7.18,0.0002181
7.2,0.000265
7.22,0.000329
7.24,0.0004204
7.26,0.000559
7.28,0.0007841
7.3,0.0011639
7.32,0.0017924
7.34,0.0027437
7.36,0.0038866
7.38,0.0045158
7.4,0.0039505
7.42,0.0028113
7.44,0.0018399
7.46,0.0011924
7.48,0.0007996
7.5,0.0005667
7.52,0.0004235
7.54,0.0003292
7.56,0.0002632
7.58,0.0002147
7.6,0.000178
7.62,0.0001496
7.64,0.0001271
7.66,0.0001091
7.68,9.45e-05
7.7,8.24e-05
7.72,7.23e-05
7.74,6.37e-05
7.76,5.65e-05
7.78,5.03e-05
7.8,4.49e-05
7.82,4.1e-05
7.84,3.69e-05
7.86,3.33e-05
7.88,3.02e-05
7.9,2.73e-05
7.92,2.48e-05
7.94,2.26e-05
7.96,2.05e-05
7.98,1.87e-05
8,1.7e-05
8.02,1.55e-05
8.04,1.41e-05
8.06,1.29e-05
8.08,1.17e-05
8.1,1.07e-05
8.12,9.7e-06
8.14,8.8e-06
8.16,8e-06
8.18,6.5e-06
8.2,5.8e-06
8.22,5.2e-06
8.24,4.6e-06
8.26,4.1e-06
8.28,3.7e-06
8.3,3.3e-06
8.32,2.9e-06
8.34,2.5e-06
8.36,2.1e-06
8.38,1.8e-06
8.4,1.5e-06
8.42,1.2e-06
8.44,1e-06
8.46,8e-07
8.48,6e-07
8.5,4e-07
8.52,3e-07
8.54,2e-07
8.56,1e-07
8.58,0
8.6,0
8.62,-2e-07
8.64,-3e-07
8.66,-4e-07
8.68,-5e-07
8.7,-6e-07
8.72,-6e-07
8.74,-5e-07
8.76,-4e-07
8.78,-2e-07
8.8,0
8.82,1e-07
8.84,-4.2e-06
8.86,-3.8e-06
8.88,-3.3e-06
8.9,-2.6e-06
8.92,-1.7e-06
8.94,-6e-07
8.96,8e-07
8.98,2.5e-06
9,4.7e-06
9.02,7.6e-06
9.04,1.13e-05
9.06,1.61e-05
9.08,2.24e-05
9.1,3.1e-05
9.12,4.29e-05
9.14,6.02e-05
9.16,8.71e-05
9.18,0.0001315
9.2,0.0002066
9.22,0.0003297
9.24,0.0005102
9.26,0.000708
9.28,0.0007775
9.3,0.0006396
9.32,0.0004363
9.34,0.0002757
9.36,0.0001716
9.38,0.000109
9.4,7.17e-05
9.42,4.85e-05
9.44,3.35e-05
9.46,2.26e-05
9.48,1.47e-05
9.5,8.8e-06
9.52,4.6e-06
9.54,1.6e-06
9.56,-2e-07
9.58,-9e-07
9.6,0
9.62,2.4e-06
9.64,8.4e-06
9.66,2.05e-05
9.68,4.18e-05
9.7,7.31e-05
9.72,0.0001046
9.74,0.0001088
9.76,7.87e-05
9.78,5.38e-05
9.8,2.59e-05
9.82,7.9e-06
9.84,2.97e-05
9.86,2.35e-05
9.88,1.97e-05
9.9,1.72e-05
9.92,1.55e-05
9.94,1.43e-05
9.96,1.36e-05
9.98,1.32e-05
10,1.31e-05
10.02,1.32e-05
10.04,1.35e-05
10.06,1.4e-05
10.08,1.47e-05
10.1,1.55e-05
10.12,1.65e-05
10.14,1.77e-05
10.16,1.91e-05
10.18,2.08e-05
10.2,2.25e-05
10.22,2.44e-05
10.24,2.66e-05
10.26,2.9e-05
10.28,3.16e-05
10.3,3.45e-05
10.32,3.76e-05
10.34,4.11e-05
10.36,5.34e-05
10.38,5.77e-05
10.4,6.25e-05
10.42,6.77e-05
10.44,7.34e-05
10.46,7.96e-05
10.48,8.64e-05
10.5,9.39e-05
10.52,0.0001021
10.54,0.0001111
10.56,0.000121
10.58,0.000132
10.6,0.0001441
10.62,0.0001578
10.64,0.000173
10.66,0.0001902
10.68,0.0002097
10.7,0.0002322
10.72,0.0002583
10.74,0.0002886
10.76,0.000327
10.78,0.0003767
10.8,0.0004452
10.82,0.0005428
10.84,0.0006792
10.86,0.0008475
10.88,0.0009844
10.9,0.0010051
10.92,0.0009581
10.94,0.0009339
10.96,0.0009607
10.98,0.0010369
11,0.0011583
11.02,0.0013252
11.04,0.0015445
11.06,0.0018314
11.08,0.0022119
11.1,0.002732
11.12,0.0034823
11.14,0.0046087
11.16,0.0063832
11.18,0.0091887
11.2,0.0134187
11.22,0.0189181
11.24,0.0241331
11.26,0.0284981
11.28,0.0339604
11.3,0.0384314
11.32,0.0354447
11.34,0.0263712
11.36,0.0176734
11.38,0.0116002
11.4,0.0078229
11.42,0.0055602
11.44,0.0041763
11.46,0.0032786
11.48,0.0026598
11.5,0.002215
11.52,0.0018884
11.54,0.0016477
11.56,0.0014741
11.58,0.0013575
11.6,0.0012938
11.62,0.0012799
11.64,0.0013034
11.66,0.0013362
11.68,0.0013844
11.7,0.0015071
11.72,0.0017766
11.74,0.0022982
11.76,0.0032335
11.78,0.0047654
11.8,0.0069034
11.82,0.008858
11.84,0.0088528
11.86,0.006863
11.88,0.0046631
11.9,0.0030609
11.92,0.0020505
11.94,0.0014451
11.96,0.0010776
11.98,0.0008409
12,0.000683
12.02,0.0005642
12.04,0.0004746
12.06,0.0004055
12.08,0.0003514
12.1,0.0003086
12.12,0.0002745
12.14,0.0002475
12.16,0.0002263
12.18,0.0002101
12.2,0.0001986
12.22,0.0001914
12.24,0.0001886
12.26,0.0001904
12.28,0.0001976
12.3,0.0002112
12.32,0.0002334
12.34,0.0002678
12.36,0.0003194
12.38,0.0003961
12.4,0.0005023
12.42,0.0006301
12.44,0.0007632
12.46,0.0009409
12.48,0.0012626
12.5,0.0018473
12.52,0.0028207
12.54,0.004218
12.56,0.0056139
12.58,0.0058655
12.6,0.0047417
12.62,0.0033593
12.64,0.0022733
12.66,0.0015119
12.68,0.0010128
12.7,0.0006899
12.72,0.0004934
12.74,0.0003633
12.76,0.0002727
12.78,0.000174
12.8,0.0001253
12.82,8.79e-05
12.84,8.54e-05
12.86,6.31e-05
12.88,4.55e-05
12.9,3.17e-05
12.92,2.09e-05
12.94,1.27e-05
12.96,6.6e-06
12.98,2.4e-06
13,0
13.02,-7.1e-06
13.04,-1.25e-05
13.06,-1.63e-05
13.08,-1.83e-05
13.1,-1.85e-05
13.12,-1.64e-05
13.14,-1.2e-05
13.16,9.5e-06
13.18,2.13e-05
13.2,3.79e-05
13.22,6.08e-05
13.24,9.19e-05
13.26,0.0001344
13.28,0.0001931
13.3,0.0002757
13.32,0.0004602
13.34,0.0006513
13.36,0.0009663
13.38,0.0014996
13.4,0.0023735
13.42,0.0036601
13.44,0.0050874
13.46,0.0056252
13.48,0.0046688
13.5,0.0032154
13.52,0.00206
13.54,0.0013109
13.56,0.0008633
13.58,0.0006002
13.6,0.00044
13.62,0.0003371
13.64,0.0002685
13.66,0.0002218
13.68,0.0001909
13.7,0.0001719
13.72,0.0001625
13.74,0.0001612
13.76,0.0001671
13.78,0.00018
13.8,0.0001998
13.82,0.0002274
13.84,0.0002632
13.86,0.0003085
13.88,0.0003655
13.9,0.0004368
13.92,0.0005265
13.94,0.0006411
13.96,0.0007907
13.98,0.0009932
14,0.001283
14.02,0.0017252
14.04,0.0024253
14.06,0.0035117
14.08,0.0050668
14.1,0.0067644
14.12,0.0075175
14.14,0.006884
14.16,0.0060306
14.18,0.0058504
14.2,0.0066996
14.22,0.0089266
14.24,0.0129952
14.26,0.0191179
14.28,0.0257481
14.3,0.0277882
14.32,0.0228997
14.34,0.016155
14.36,0.0108827
14.38,0.0075473
14.4,0.0056352
14.42,0.004608
14.44,0.0041047
14.46,0.00394
14.48,0.0040506
14.5,0.0044984
14.52,0.0053303
14.54,0.0068118
14.56,0.0092542
14.58,0.0128578
14.6,0.0169849
14.62,0.0191421
14.64,0.0179422
14.66,0.0160831
14.68,0.0159838
14.7,0.018755
14.72,0.0254849
14.74,0.0374713
14.76,0.0549068
14.78,0.0720213
14.8,0.0740042
14.82,0.0582895
14.84,0.0395835
14.86,0.0256704
14.88,0.0168438
14.9,0.0115846
14.92,0.0084155
14.94,0.006413
14.96,0.005057
14.98,0.0040905
15,0.0033817
15.02,0.002859
15.04,0.0024817
15.06,0.0022263
15.08,0.0020673
15.1,0.0019392
15.12,0.001744
15.14,0.001496
15.16,0.0012763
15.18,0.0011113
15.2,0.0009944
15.22,0.000914
15.24,0.0008602
15.26,0.0008267
15.28,0.0008102
15.3,0.0008091
15.32,0.0008228
15.34,0.0008513
15.36,0.0008953
15.38,0.0009557
15.4,0.0010344
15.42,0.0011343
15.44,0.0012588
15.46,0.0014109
15.48,0.001597
15.5,0.0018249
15.52,0.0021051
15.54,0.0024518
15.56,0.0028849
15.58,0.0034268
15.6,0.0041301
15.62,0.0050512
15.64,0.0062905
15.66,0.0080143
15.68,0.010555
15.7,0.0145916
15.72,0.0212613
15.74,0.0323573
15.76,0.0496326
15.78,0.0723655
15.8,0.0901598
15.82,0.0861065
15.84,0.0658201
15.86,0.0466348
15.88,0.0348208
15.9,0.0304231
15.92,0.0322982
15.94,0.0386267
15.96,0.0441719
15.98,0.0410402
16,0.0309475
16.02,0.0211868
16.04,0.0142947
16.06,0.0099434
16.08,0.0072722
16.1,0.0056122
16.12,0.0045185
16.14,0.0037638
16.16,0.003235
16.18,0.0028751
16.2,0.0026578
16.22,0.0025797
16.24,0.0026647
16.26,0.0029843
16.28,0.0036185
16.3,0.0049577
16.32,0.0072261
16.34,0.0105194
16.36,0.0137289
16.38,0.0140817
16.4,0.0110729
16.42,0.0074874
16.44,0.0048102
16.46,0.0031009
16.48,0.0020696
16.5,0.0014422
16.52,0.0010386
16.54,0.0007607
16.56,0.0005648
16.58,0.0004142
16.6,0.0003003
16.62,0.0002159
16.64,0.0001509
16.66,0.0001032
16.68,7.04e-05
16.7,5.12e-05
16.72,4.53e-05
16.74,5.33e-05
16.76,7.76e-05
16.78,0.0001236
16.8,0.0002014
16.82,0.0003279
16.84,0.0005226
16.86,0.0007929
16.88,0.0010799
16.9,0.001224
16.92,0.0012031
16.94,0.0011945
16.96,0.0013052
16.98,0.0015697
17,0.0020247
17.02,0.0027537
17.04,0.0039307
17.06,0.0058667
17.08,0.0090006
17.1,0.0136578
17.12,0.0195933
17.14,0.0254791
17.16,0.0272745
17.18,0.0224774
17.2,0.0157386
17.22,0.0105776
17.24,0.0074688
17.26,0.0060937
17.28,0.0058284
17.3,0.0066993
17.32,0.0082816
17.34,0.0094138
17.36,0.0086823
17.38,0.0067695
17.4,0.0048624
17.42,0.0033563
17.44,0.0023048
17.46,0.0016809
17.48,0.0013131
17.5,0.0011037
17.52,0.0009969
17.54,0.0009654
17.56,0.0009988
17.58,0.0010977
17.6,0.0012725
17.62,0.0015468
17.64,0.001967
17.66,0.0026316
17.68,0.0037263
17.7,0.0055883
17.72,0.0086749
17.74,0.0133499
17.76,0.0189707
17.78,0.0220851
17.8,0.0193705
17.82,0.0138723
17.84,0.0092237
17.86,0.0061866
17.88,0.0044759
17.9,0.0036659
17.92,0.0035028
17.94,0.0039057
17.96,0.0048629
17.98,0.0061361
18,0.006816
18.02,0.0062351
18.04,0.0052451
18.06,0.0045268
18.08,0.0038815
18.1,0.0030995
18.12,0.0023964
18.14,0.0019182
18.16,0.0016431
18.18,0.0015129
18.2,0.0014802
18.22,0.0015157
18.24,0.0016044
18.26,0.001741
18.28,0.001926
18.3,0.0021643
18.32,0.0024646
18.34,0.0028408
18.36,0.0033134
18.38,0.0039109
18.4,0.0046756
18.42,0.0056586
18.44,0.0069192
18.46,0.0085621
18.48,0.0108483
18.5,0.0142933
18.52,0.0198115
18.54,0.0288799
18.56,0.0433765
18.58,0.0643775
18.6,0.0876616
18.62,0.0993181
18.64,0.0958152
18.66,0.0933363
18.68,0.0983249
18.7,0.0980907
18.72,0.0805843
18.74,0.0567962
18.76,0.0379023
18.78,0.0254648
18.8,0.0178505
18.82,0.0132607
18.84,0.0104656
18.86,0.0087651
18.88,0.007786
18.9,0.0071678
18.92,0.0063815
18.94,0.0052986
18.96,0.0042918
18.98,0.0035545
19,0.0030953
19.02,0.0028986
19.04,0.0029756
19.06,0.0033914
19.08,0.0039857
19.1,0.0044393
19.12,0.0042813
19.14,0.0036989
19.16,0.0028837
19.18,0.0020988
19.2,0.0015212
19.22,0.001152
19.24,0.0008946
19.26,0.0007575
19.28,0.0006979
19.3,0.0007124
19.32,0.0007992
19.34,0.0009344
19.36,0.0010199
19.38,0.0009109
19.4,0.0006727
19.42,0.0004696
19.44,0.0003343
19.46,0.0002658
19.48,0.000256
19.5,0.0002673
19.52,0.0002656
19.54,0.0002267
19.56,0.0001474
19.58,6.31e-05
19.6,0
19.62,-4.62e-05
19.64,-7.58e-05
19.66,-9.4e-05
19.68,-0.0001043
19.7,-0.0001083
19.72,-0.0001062
19.74,-9.76e-05
19.76,-7.94e-05
19.78,-5e-05
19.8,0
19.82,6.53e-05
19.84,0.0001852
19.86,0.0003759
19.88,0.0006115
19.9,0.0007458
19.92,0.0006309
19.94,0.0003938
19.96,0.0001942
19.98,6.75e-05
20,0
20.02,-6.23e-05
20.04,-9.89e-05
20.06,-0.0001176
20.08,-0.000198
20.1,-0.0001861
20.12,-0.0001596
20.14,-0.0001169
20.16,-0.0001328
20.18,-4.63e-05
20.2,6.79e-05
20.22,0.0002171
20.24,0.0004071
20.26,0.0009402
20.28,0.0012573
20.3,0.0016701
20.32,0.0022143
20.34,0.0029402
20.36,0.0039226
20.38,0.0052897
20.4,0.0074727
20.42,0.0106895
20.44,0.0160103
20.46,0.0247558
20.48,0.0381673
20.5,0.0551898
20.52,0.0686488
20.54,0.071418
20.56,0.0636838
20.58,0.0487188
20.6,0.0346726
20.62,0.025708
20.64,0.0211306
20.66,0.0184338
20.68,0.0149763
20.7,0.0109328
20.72,0.0076312
20.74,0.005398
20.76,0.0040416
20.78,0.0033416
20.8,0.0034243
20.82,0.0039091
20.84,0.0051317
20.86,0.00708
20.88,0.0089448
20.9,0.0088558
20.92,0.0066829
20.94,0.0042728
20.96,0.0025064
20.98,0.0013876
21,0.0007203
21.02,0.0003309
21.04,0.0001018
21.06,-2.66e-05
21.08,-8.07e-05
21.1,-6.8e-05
21.12,1.95e-05
21.14,0.0003131
21.16,0.0006033
21.18,0.0009841
21.2,0.0013086
21.22,0.0013872
21.24,0.0013242
21.26,0.0013463
21.28,0.0014688
21.3,0.0017099
21.32,0.0020554
21.34,0.0024994
21.36,0.0030423
21.38,0.0037002
21.4,0.0044941
21.42,0.0057422
21.44,0.0069265
21.46,0.0083839
21.48,0.0101965
21.5,0.0124882
21.52,0.0154402
21.54,0.0193339
21.56,0.0246416
21.58,0.0322415
21.6,0.0438732
21.62,0.0628377
21.64,0.0944599
21.66,0.1451787
21.68,0.217267
21.7,0.290412
21.72,0.3068613
21.74,0.2519539
21.76,0.1846929
21.78,0.1406863
21.8,0.1253426
21.82,0.1361559
21.84,0.1663612
21.86,0.1936064
21.88,0.182317
21.9,0.1386273
21.92,0.0956289
21.94,0.0662733
21.96,0.0475211
21.98,0.036507
22,0.0302124
22.02,0.0266546
22.04,0.0249857
22.06,0.0248779
22.08,0.0264232
22.1,0.0300086
22.12,0.0362381
22.14,0.045691
22.16,0.0584459
22.18,0.0745739
22.2,0.098766
22.22,0.1379997
22.24,0.1914341
22.26,0.2334472
22.28,0.2205039
22.3,0.1655371
22.32,0.1121464
22.34,0.075123
22.36,0.0526146
22.38,0.0397813
22.4,0.0327252
22.42,0.0291251
22.44,0.0279739
22.46,0.0290448
22.48,0.0329907
22.5,0.0413072
22.52,0.056271
22.54,0.0798989
22.56,0.1097643
22.58,0.1295107
22.6,0.1192258
22.62,0.0917407
22.64,0.0683093
22.66,0.0549365
22.68,0.0507234
22.7,0.0531497
22.72,0.0577425
22.74,0.0591678
22.76,0.0592641
22.78,0.0643018
22.8,0.0790414
22.82,0.1085885
22.84,0.1587539
22.86,0.2296483
22.88,0.2948915
22.9,0.2954408
22.92,0.2302433
22.94,0.1580609
22.96,0.1058095
22.98,0.0733457
23,0.0544949
23.02,0.0437474
23.04,0.0375438
23.06,0.0340321
23.08,0.0323151
23.1,0.0319722
23.12,0.0328235
23.14,0.0348389
23.16,0.038112
23.18,0.0428673
23.2,0.049219
23.22,0.0583835
23.24,0.0711496
23.26,0.0894485
23.28,0.1170028
23.3,0.161092
23.32,0.2347635
23.34,0.3569596
23.36,0.5456876
23.38,0.7906719
23.4,0.9939854
23.42,0.9700343
23.44,0.7389884
23.46,0.4961003
23.48,0.3217613
23.5,0.2121291
23.52,0.1465475
23.54,0.1069101
23.56,0.0816193
23.58,0.0643587
23.6,0.0519943
23.62,0.0428568
23.64,0.0359844
23.66,0.0307822
23.68,0.0269472
23.7,0.0243249
23.72,0.0229501
23.74,0.0227289
23.76,0.0240812
23.78,0.0260353
23.8,0.0266089
23.82,0.0267363
23.84,0.0292123
23.86,0.0350705
23.88,0.0416005
23.9,0.041454
23.92,0.0330184
23.94,0.023261
23.96,0.0159849
23.98,0.0115499
24,0.0089001
24.02,0.0075455
24.04,0.0069416
24.06,0.0062863
24.08,0.0052257
24.1,0.0039465
24.12,0.0028912
24.14,0.002146
24.16,0.0016641
24.18,0.0014021
24.2,0.0013369
24.22,0.0015554
24.24,0.0020579
24.26,0.0027024
24.28,0.0029601
24.3,0.0024848
24.32,0.0017865
24.34,0.0013432
24.36,0.0012965
24.38,0.0014506
24.4,0.0025286
24.42,0.004497
24.44,0.0075048
24.46,0.0108916
24.48,0.0121732
24.5,0.0098577
24.52,0.0063363
24.54,0.0035437
24.56,0.0017458
24.58,0.0006899
24.6,9.45e-05
24.62,-0.0002346
24.64,-0.0004081
24.66,-0.0004799
24.68,-0.0004756
24.7,-0.0004069
24.72,-0.0002772
24.74,-8.4e-05
24.76,0.0001875
24.78,0.0005476
24.8,0.0010362
24.82,0.0017198
24.84,0.0026053
24.86,0.0038552
24.88,0.0053953
24.9,0.0062575
24.92,0.0087074
24.94,0.0126465
24.96,0.0188751
24.98,0.0272103
25,0.0340618
25.02,0.0336015
25.04,0.0278575
25.06,0.0229118
25.08,0.0210465
25.1,0.0226265
25.12,0.0282167
25.14,0.0393805
25.16,0.0586264
25.18,0.087891
25.2,0.1226439
25.22,0.1411184
25.24,0.1247488
25.26,0.093847
25.28,0.0699935
25.3,0.0579517
25.32,0.0565895
25.34,0.0652895
25.36,0.0862844
25.38,0.1218143
25.4,0.1650232
25.42,0.1854816
25.44,0.1585139
25.46,0.111749
25.48,0.0732699
25.5,0.0477495
25.52,0.0320861
25.54,0.022505
25.56,0.0164309
25.58,0.0123563
25.6,0.0094716
25.62,0.0073484
25.64,0.0057359
25.66,0.0044851
25.68,0.003496
25.7,0.0027033
25.72,0.0020601
25.74,0.001532
25.76,0.0010981
25.78,0.0007408
25.8,0.0004463
25.82,0.000205
25.84,1.07e-05
25.86,-0.000139
25.88,-0.0002442
25.9,-0.0002975
25.92,-0.000287
25.94,-0.0002148
25.96,-6.83e-05
25.98,4.15e-05
26,0
26.02,-0.0001248
26.04,-0.0001901
26.06,-0.0001448
26.08,3.3e-06
26.1,0.0002805
26.12,0.0007386
26.14,0.0014907
26.16,0.0027464
26.18,0.0048102
26.2,0.0079863
26.22,0.0120959
26.24,0.0158885
26.26,0.0175324
26.28,0.0157924
26.3,0.0118201
26.32,0.007831
26.34,0.0049807
26.36,0.0032852
26.38,0.0023904
26.4,0.0020429
26.42,0.0020911
26.44,0.0024522
26.46,0.0029729
26.48,0.0032801
26.5,0.0033407
26.52,0.0034895
26.54,0.0040004
26.56,0.0050511
26.58,0.0069192
26.6,0.0100672
26.62,0.0150786
26.64,0.0222593
26.66,0.0302222
26.68,0.0339481
26.7,0.0313662
26.72,0.027614
26.74,0.026354
26.76,0.0272453
26.78,0.029823
26.8,0.0349164
26.82,0.0414606
26.84,0.0481676
26.86,0.0594812
26.88,0.0807235
26.9,0.1114831
26.92,0.1351186
26.94,0.1258972
26.96,0.0928338
26.98,0.061343
27,0.0396342
27.02,0.0264464
27.04,0.0189534
27.06,0.0147459
27.08,0.0119643
27.1,0.0095499
27.12,0.0073963
27.14,0.0056641
27.16,0.0043267
27.18,0.0032644
27.2,0.0024451
27.22,0.0018492
27.24,0.0014419
27.26,0.0011973
27.28,0.0011325
27.3,0.0011097
27.32,0.0010492
27.34,0.0008914
27.36,0.000794
27.38,0.0008725
27.4,0.0012147
27.42,0.0019576
27.44,0.0032897
27.46,0.0053457
27.48,0.0077746
27.5,0.0090272
27.52,0.0079671
27.54,0.0060262
27.56,0.0046364
27.58,0.0040678
27.6,0.0037972
27.62,0.0031583
27.64,0.0023468
27.66,0.0018168
27.68,0.0017145
27.7,0.0021099
27.72,0.0031443
27.74,0.0051318
27.76,0.0083349
27.78,0.0124947
27.8,0.0154352
27.82,0.0142024
27.84,0.0101939
27.86,0.0063884
27.88,0.0037588
27.9,0.0021704
27.92,0.0012783
27.94,0.0007204
27.96,0.000353
27.98,0.0001237
28,0
28.02,-4.41e-05
28.04,-8.1e-06
28.06,9.01e-05
28.08,0.0002619
28.1,0.0005246
28.12,0.0009258
28.14,0.0015335
28.16,0.0025728
28.18,0.0042866
28.2,0.0069888
28.22,0.0107262
28.24,0.0143905
28.26,0.0153789
28.28,0.0131091
28.3,0.0101572
28.32,0.0084154
28.34,0.0082744
28.36,0.0098227
28.38,0.0132505
28.4,0.0185828
28.42,0.0253178
28.44,0.0300058
28.46,0.0303006
28.48,0.0290644
28.5,0.0269458
28.52,0.0227166
28.54,0.0183564
28.56,0.0152427
28.58,0.0129369
28.6,0.0111007
28.62,0.0101671
28.64,0.0107013
28.66,0.0132347
28.68,0.0185961
28.7,0.0277713
28.72,0.0406722
28.74,0.052463
28.76,0.0533769
28.78,0.0427613
28.8,0.0296026
28.82,0.0193677
28.84,0.0125279
28.86,0.0082256
28.88,0.0055776
28.9,0.0039061
28.92,0.0028
28.94,0.0020373
28.96,0.0014903
28.98,0.0011394
29,0.0008909
29.02,0.0007609
29.04,0.0007592
29.06,0.0008869
29.08,0.0011281
29.1,0.0013741
29.12,0.0015213
29.14,0.0017067
29.16,0.0020241
29.18,0.0024011
29.2,0.0029478
29.22,0.0039258
29.24,0.0053387
29.26,0.0067485
29.28,0.0080041
29.3,0.0101736
29.32,0.0141679
29.34,0.0195474
29.36,0.0229613
29.38,0.0207463
29.4,0.0157354
29.42,0.0119295
29.44,0.0103623
29.46,0.0104256
29.48,0.0102764
29.5,0.0084489
29.52,0.0059477
29.54,0.003911
29.56,0.0025517
29.58,0.0017486
29.6,0.0013337
29.62,0.0011978
29.64,0.0012937
29.66,0.00164
29.68,0.0023454
29.7,0.0035539
29.72,0.0053492
29.74,0.0074904
29.76,0.0092938
29.78,0.0109179
29.8,0.0129734
29.82,0.0153174
29.84,0.0161045
29.86,0.0138435
29.88,0.0107612
29.9,0.0086183
29.92,0.0070722
29.94,0.0053914
29.96,0.0039251
29.98,0.0031334
30,0.0030697
30.02,0.0036564
30.04,0.0045143
30.06,0.0046778
30.08,0.0036827
30.1,0.0023896
30.12,0.0014115
30.14,0.0008142
30.16,0.0005093
30.18,0.0004116
30.2,0.0004742
30.22,0.0006479
30.24,0.0009923
30.26,0.0014269
30.28,0.0017808
30.3,0.0021011
30.32,0.0026658
30.34,0.0037511
30.36,0.0056982
30.38,0.0089911
30.4,0.0141919
30.42,0.0214845
30.44,0.0286629
30.46,0.0302318
30.48,0.025352
30.5,0.0183501
30.52,0.012156
30.54,0.0078655
30.56,0.0053329
30.58,0.0040668
30.6,0.0036426
30.62,0.0037577
30.64,0.0040399
30.66,0.0039728
30.68,0.0032314
30.7,0.0022183
30.72,0.0014177
30.74,0.0009455
30.76,0.0007671
30.78,0.0008592
30.8,0.0012439
30.82,0.0018771
30.84,0.0026268
30.86,0.0029031
30.88,0.0024304
30.9,0.0017747
30.92,0.0013602
30.94,0.0012562
30.96,0.0014738
30.98,0.0020517
31,0.0031596
31.02,0.0051123
31.04,0.0082883
31.06,0.0127474
31.08,0.0170382
31.1,0.0177405
31.12,0.0144418
31.14,0.010492
31.16,0.0077859
31.18,0.0066861
31.2,0.0069175
31.22,0.007527
31.24,0.0070778
31.26,0.0055939
31.28,0.0039867
31.3,0.0025637
31.32,0.0015104
31.34,0.0008276
31.36,0.0004211
31.38,0.0002036
31.4,0.000153
31.42,0.0002395
31.44,0.000483
31.46,0.000827
31.48,0.0010291
31.5,0.0008338
31.52,0.000438
31.54,0.0001244
31.56,-4.29e-05
31.58,-7.58e-05
31.6,0
31.62,0.0001431
31.64,0.0002902
31.66,0.0003703
31.68,0.0004178
31.7,0.0005146
31.72,0.0007237
31.74,0.0010563
31.76,0.0014777
31.78,0.001912
31.8,0.0024608
31.82,0.003415
31.84,0.0051323
31.86,0.0080532
31.88,0.0125801
31.9,0.0184171
31.92,0.0228802
31.94,0.0224233
31.96,0.0190233
31.98,0.0156629
32,0.0130925
32.02,0.0119717
32.04,0.0118765
32.06,0.0109298
32.08,0.0086225
32.1,0.0063626
32.12,0.0047937
32.14,0.0038621
32.16,0.0035614
32.18,0.0039824
32.2,0.0052616
32.22,0.0074519
32.24,0.0099562
32.26,0.0108462
32.28,0.0091289
32.3,0.0065327
32.32,0.0044195
32.34,0.0029069
32.36,0.0018515
32.38,0.0011774
32.4,0.0007743
32.42,0.0005432
32.44,0.0004473
32.46,0.0004957
32.48,0.0006892
32.5,0.0009445
32.52,0.0010106
32.54,0.0007602
32.56,0.0003956
32.58,0.0001406
32.6,0
32.62,-4.84e-05
32.64,-2.65e-05
32.66,4.58e-05
32.68,0.0001573
32.7,0.000325
32.72,0.00059
32.74,0.0010226
32.76,0.0017521
32.78,0.0029851
32.8,0.0050002
32.82,0.0079659
32.84,0.0112543
32.86,0.0126856
32.88,0.0110106
32.9,0.0079697
32.92,0.005327
32.94,0.0036061
32.96,0.0026324
32.98,0.0021598
33,0.0020818
33.02,0.0024033
33.04,0.0032218
33.06,0.0047023
33.08,0.0069073
33.1,0.009476
33.12,0.011369
33.14,0.0122974
33.16,0.0122234
33.18,0.0108703
33.2,0.0087032
33.22,0.0062513
33.24,0.0041808
33.26,0.0029389
33.28,0.002216
33.3,0.0019366
33.32,0.0018758
33.34,0.0019345
33.36,0.0022251
33.38,0.0027097
33.4,0.0029329
33.42,0.0024591
33.44,0.0016367
33.46,0.0009551
33.48,0.0005136
33.5,0.0002676
33.52,0.0001597
33.54,0.0001565
33.56,0.0002331
33.58,0.0003743
33.6,0.00047
33.62,0.0003802
33.64,0.0001821
33.66,1.41e-05
33.68,-9.11e-05
33.7,-0.0001421
33.72,-0.000163
33.74,-0.0001493
33.76,-0.000118
33.78,-6.79e-05
33.8,0
33.82,7.23e-05
33.84,0.0001724
33.86,0.0003112
33.88,0.0005092
33.9,0.0008063
33.92,0.0012781
33.94,0.0020458
33.96,0.0032572
33.98,0.0049822
34,0.0067504
34.02,0.0073905
34.04,0.0066102
34.06,0.0054292
34.08,0.0046359
34.1,0.0045728
34.12,0.0052782
34.14,0.0065819
34.16,0.0077508
34.18,0.0081427
34.2,0.0081768
34.22,0.0082432
34.24,0.0087617
34.26,0.0097058
34.28,0.0099358
34.3,0.009088
34.32,0.0084047
34.34,0.0086804
34.36,0.0098244
34.38,0.0109874
34.4,0.0115157
34.42,0.0124032
34.44,0.0148866
34.46,0.0195612
34.48,0.0258877
34.5,0.0306476
34.52,0.0304271
34.54,0.0282232
34.56,0.0284031
34.58,0.0325241
34.6,0.0400915
34.62,0.0476645
34.64,0.0529163
34.66,0.0614702
34.68,0.079345
34.7,0.1060301
34.72,0.1298346
34.74,0.1296271
34.76,0.1050104
34.78,0.0778938
34.8,0.05753
34.82,0.0417424
34.84,0.0297733
34.86,0.0217818
34.88,0.0169247
34.9,0.0143393
34.92,0.0134712
34.94,0.0140316
34.96,0.0160195
34.98,0.018675
35,0.0192758
35.02,0.0163833
35.04,0.0124987
35.06,0.0094228
35.08,0.007448
35.1,0.0062085
35.12,0.0052271
35.14,0.0045385
35.16,0.0042619
35.18,0.0041776
35.2,0.0038418
35.22,0.0032586
35.24,0.0028071
35.26,0.0025981
35.28,0.002677
35.3,0.0030705
35.32,0.0038897
35.34,0.0053841
35.36,0.007887
35.38,0.0117383
35.4,0.0166265
35.42,0.0203707
35.44,0.0209584
35.46,0.0207412
35.48,0.0218212
35.5,0.0238822
35.52,0.0265493
35.54,0.02694
35.56,0.0222702
35.58,0.0158634
35.6,0.0108373
35.62,0.0075425
35.64,0.0055893
35.66,0.0045948
35.68,0.0042302
35.7,0.004277
35.72,0.0047094
35.74,0.0058145
35.76,0.00802
35.78,0.011872
35.8,0.0177459
35.82,0.0248488
35.84,0.0300813
35.86,0.0303696
35.88,0.0255371
35.9,0.0185706
35.92,0.0128677
35.94,0.0095061
35.96,0.00805
35.98,0.0075395
36,0.0067872
36.02,0.0057339
36.04,0.005075
36.06,0.0050786
36.08,0.0054416
36.1,0.0053909
36.12,0.0046132
36.14,0.0039339
36.16,0.0039876
36.18,0.004975
36.2,0.0067468
36.22,0.0083259
36.24,0.0082033
36.26,0.0065453
36.28,0.0048774
36.3,0.0037222
36.32,0.0032342
36.34,0.0035464
36.36,0.0047567
36.38,0.0070722
36.4,0.0104345
36.42,0.0137524
36.44,0.0143418
36.46,0.0116446
36.48,0.0083066
36.5,0.005851
36.52,0.0044621
36.54,0.0039684
36.56,0.0042594
36.58,0.0052401
36.6,0.0069129
36.62,0.0097539
36.64,0.0144442
36.66,0.020706
36.68,0.0254593
36.7,0.024195
36.72,0.0189962
36.74,0.0148477
36.76,0.0133635
36.78,0.013731
36.8,0.0133171
36.82,0.0104769
36.84,0.00697
36.86,0.0042623
36.88,0.0024885
36.9,0.0014454
36.92,0.0008467
36.94,0.0005389
36.96,0.0004336
36.98,0.0005213
37,0.0007784
37.02,0.0013055
37.04,0.0022135
37.06,0.0037071
37.08,0.0057161
37.1,0.0076986
37.12,0.0091399
37.14,0.009211
37.16,0.0072904
37.18,0.0048383
37.2,0.0030321
37.22,0.002019
37.24,0.0016458
37.26,0.0017835
37.28,0.0023718
37.3,0.003347
37.32,0.0045949
37.34,0.0063849
37.36,0.0091743
37.38,0.012564
37.4,0.0145661
37.42,0.0134176
37.44,0.0105342
37.46,0.0084081
37.48,0.0079659
37.5,0.0091756
37.52,0.0112888
37.54,0.0124397
37.56,0.0118656
37.58,0.0113619
37.6,0.0118529
37.62,0.0121347
37.64,0.0107992
37.66,0.008979
37.68,0.0081836
37.7,0.0088796
37.72,0.0110981
37.74,0.0145926
37.76,0.0189793
37.78,0.0240055
37.8,0.0275413
37.82,0.0258791
37.84,0.0199916
37.86,0.0145166
37.88,0.0113598
37.9,0.0101467
37.92,0.00938
37.94,0.0078641
37.96,0.0062604
37.98,0.0054871
38,0.0057113
38.02,0.0064879
38.04,0.006681
38.06,0.0058427
38.08,0.0050454
38.1,0.0050156
38.12,0.0055984
38.14,0.0057509
38.16,0.0046924
38.18,0.0032863
38.2,0.0022682
38.22,0.0017745
38.24,0.0017666
38.26,0.0022519
38.28,0.003366
38.3,0.0053187
38.32,0.0082167
38.34,0.0113725
38.36,0.0127646
38.38,0.011902
38.4,0.0110484
38.42,0.0117545
38.44,0.0140268
38.46,0.0159942
38.48,0.0150741
38.5,0.0123659
38.52,0.0106387
38.54,0.0108728
38.56,0.0125282
38.58,0.0135025
38.6,0.0120338
38.62,0.0097829
38.64,0.0084169
38.66,0.0077889
38.68,0.0071905
38.7,0.0062566
38.72,0.0052921
38.74,0.0050171
38.76,0.00576
38.78,0.0073753
38.8,0.0090279
38.82,0.0090042
38.84,0.0071213
38.86,0.0050516
38.88,0.0036841
38.9,0.0031476
38.92,0.0033251
38.94,0.0041881
38.96,0.0058765
38.98,0.0082281
39,0.0104426
39.02,0.0110485
39.04,0.0090112
39.06,0.0059409
39.08,0.0034402
39.1,0.0018187
39.12,0.0008694
39.14,0.0003585
39.16,0.0001322
39.18,0.0001148
39.2,0.0002393
39.22,0.0003133
39.24,0.0001392
39.26,-0.0001664
39.28,-0.0004017
39.3,-0.0005358
39.32,-0.0005641
39.34,-0.0005369
39.36,-0.0004542
39.38,-0.0002915
39.4,1.78e-05
39.42,0.0005608
39.44,0.0014976
39.46,0.0030438
39.48,0.0053278
39.5,0.0079396
39.52,0.0091655
39.54,0.0077602
39.56,0.0053681
39.58,0.0035301
39.6,0.0025445
39.62,0.0023518
39.64,0.0029003
39.66,0.0042095
39.68,0.0061197
39.7,0.00776
39.72,0.0078557
39.74,0.0070207
39.76,0.0064792
39.78,0.0060627
39.8,0.0054111
39.82,0.0049836
39.84,0.0048234
39.86,0.0043946
39.88,0.0037838
39.9,0.003616
39.92,0.0042747
39.94,0.005974
39.96,0.0087756
39.98,0.0118464
40,0.0127699
40.02,0.0108877
40.04,0.008508
40.06,0.0068753
40.08,0.0061186
40.1,0.0064654
40.12,0.0079427
40.14,0.0098864
40.16,0.0106397
40.18,0.0094111
40.2,0.0078057
40.22,0.0070416
40.24,0.0068251
40.26,0.0062767
40.28,0.0054991
40.3,0.0050405
40.32,0.0047306
40.34,0.0041197
40.36,0.0035353
40.38,0.0034809
40.4,0.0040005
40.42,0.0045564
40.44,0.0042862
40.46,0.0033603
40.48,0.0025934
40.5,0.00229
40.52,0.0023275
40.54,0.0026384
40.56,0.0033222
40.58,0.0041351
40.6,0.0043749
40.62,0.0038278
40.64,0.002966
40.66,0.0021796
40.68,0.001718
40.7,0.0016558
40.72,0.0018317
40.74,0.0018874
40.76,0.0017593
40.78,0.001731
40.8,0.0018228
40.82,0.0018531
40.84,0.0018531
40.86,0.0019717
40.88,0.0024126
40.9,0.0032366
40.92,0.0040075
40.94,0.0039178
40.96,0.0030766
40.98,0.0022195
41,0.0017288
41.02,0.0016652
41.04,0.0020626
41.06,0.0030201
41.08,0.0046742
41.1,0.0069475
41.12,0.0088647
41.14,0.0087649
41.16,0.0070041
41.18,0.0051139
41.2,0.0038301
41.22,0.0032625
41.24,0.0032524
41.26,0.0035576
41.28,0.0041011
41.3,0.0050044
41.32,0.0061796
41.34,0.0076257
41.36,0.0100779
41.38,0.0143278
41.4,0.0200396
41.42,0.0239559
41.44,0.0218356
41.46,0.0160209
41.48,0.0108169
41.5,0.0074532
41.52,0.0056664
41.54,0.0050023
41.56,0.0051378
41.58,0.0059249
41.6,0.0074075
41.62,0.0094026
41.64,0.0110062
41.66,0.0116896
41.68,0.01199
41.7,0.011908
41.72,0.010555
41.74,0.008325
41.76,0.0061718
41.78,0.0046847
41.8,0.0039279
41.82,0.0037498
41.84,0.0039734
41.86,0.0042608
41.88,0.003964
41.9,0.0030806
41.92,0.0022523
41.94,0.0017713
41.96,0.0016194
41.98,0.00163
42,0.0015793
42.02,0.0014726
42.04,0.0015043
42.06,0.0017086
42.08,0.0020231
42.1,0.0023679
42.12,0.0023882
42.14,0.0018707
42.16,0.0012254
42.18,0.0007659
42.2,0.0005322
42.22,0.0004704
42.24,0.0004806
42.26,0.0004333
42.28,0.000335
42.3,0.0002237
42.32,0.0001023
42.34,9.7e-06
42.36,-3.09e-05
42.38,-2.8e-05
42.4,0
42.42,5.98e-05
42.44,0.0001896
42.46,0.0004167
42.48,0.0007421
42.5,0.0011078
42.52,0.001391
42.54,0.0015477
42.56,0.0017559
42.58,0.0021078
42.6,0.0023863
42.62,0.0022868
42.64,0.0018583
42.66,0.001543
42.68,0.001554
42.7,0.0018648
42.72,0.0021709
42.74,0.0020349
42.76,0.0015284
42.78,0.0009964
42.8,0.0006088
42.82,0.000373
42.84,0.0002315
42.86,0.0001643
42.88,0.0001779
42.9,0.0002539
42.92,0.0004233
42.94,0.0005923
42.96,0.0006836
42.98,0.0007759
43,0.0009668
43.02,0.0012485
43.04,0.0016657
43.06,0.002345
43.08,0.0032357
43.1,0.0038901
43.12,0.0040585
43.14,0.0043598
43.16,0.0052121
43.18,0.0062432
43.2,0.0064549
43.22,0.0057185
43.24,0.0049631
43.26,0.0044968
43.28,0.0041877
43.3,0.0041907
43.32,0.0043158
43.34,0.003961
43.36,0.0032631
43.38,0.0026926
43.4,0.002232
43.42,0.001831
43.44,0.0015592
43.46,0.0012885
43.48,0.000971
43.5,0.0007197
43.52,0.0005758
43.54,0.0005522
43.56,0.000678
43.58,0.0009556
43.6,0.0013116
43.62,0.0015784
43.64,0.0018221
43.66,0.0022778
43.68,0.0028503
43.7,0.0029591
43.72,0.0023698
43.74,0.0016471
43.76,0.0011686
43.78,0.0009714
43.8,0.0009584
43.82,0.0009889
43.84,0.0009741
43.86,0.0009168
43.88,0.0009241
43.9,0.0010751
43.92,0.0014468
43.94,0.0021615
43.96,0.0033965
43.98,0.0053442
44,0.0079426
44.02,0.010199
44.04,0.0107745
44.06,0.0097989
44.08,0.0078602
44.1,0.0059424
44.12,0.0048103
44.14,0.0043406
44.16,0.0038446
44.18,0.002982
44.2,0.0021074
44.22,0.0015055
44.24,0.0011786
44.26,0.0009711
44.28,0.000742
44.3,0.0005228
44.32,0.0003697
44.34,0.0002935
44.36,0.000264
44.38,0.0002728
44.4,0.0003793
44.42,0.0006431
44.44,0.0010781
44.46,0.0015445
44.48,0.0016987
44.5,0.0015133
44.52,0.0012922
44.54,0.0011153
44.56,0.0009581
44.58,0.0007801
44.6,0.0005953
44.62,0.0005104
44.64,0.0005533
44.66,0.0006739
44.68,0.0007433
44.7,0.0006457
44.72,0.0005093
44.74,0.0004898
44.76,0.0006555
44.78,0.0010715
44.8,0.0018083
44.82,0.0029049
44.84,0.0040941
44.86,0.0049101
44.88,0.005214
44.9,0.0047304
44.92,0.003461
44.94,0.0021618
44.96,0.0012402
44.98,0.0006836
45,0.0003907
45.02,0.0002736
45.04,0.0002675
45.06,0.0002862
45.08,0.0002303
45.1,0.0001223
45.12,4.69e-05
45.14,2.33e-05
45.16,3.03e-05
45.18,5.35e-05
45.2,0.0001042
45.22,0.0002102
45.24,0.0003951
45.26,0.0007069
45.28,0.0012211
45.3,0.0019709
45.32,0.0028181
45.34,0.0034065
45.36,0.0034961
45.38,0.0033816
45.4,0.0034223
45.42,0.0037445
45.44,0.0046285
45.46,0.0063162
45.48,0.0087974
45.5,0.0117382
45.52,0.0132809
45.54,0.0114897
45.56,0.0080801
45.58,0.0051541
45.6,0.0031683
45.62,0.0019511
45.64,0.0012322
45.66,0.0008071
45.68,0.0005454
45.7,0.0003681
45.72,0.0002337
45.74,0.0001403
45.76,8.87e-05
45.78,7.77e-05
45.8,0.0001075
45.82,0.000183
45.84,0.0003218
45.86,0.0005615
45.88,0.0009626
45.9,0.0016059
45.92,0.0025382
45.94,0.0036058
45.96,0.0044286
45.98,0.0048364
46,0.0049384
46.02,0.0051419
46.04,0.0055567
46.06,0.0061925
46.08,0.0071294
46.1,0.0077101
46.12,0.0071286
46.14,0.0058219
46.16,0.0046928
46.18,0.0041356
46.2,0.0043602
46.22,0.0053737
46.24,0.0067704
46.26,0.0076304
46.28,0.0072198
46.3,0.0058364
46.32,0.004353
46.34,0.0030606
46.36,0.0020933
46.38,0.0015258
46.4,0.0012605
46.42,0.0011195
46.44,0.0009885
46.46,0.0008568
46.48,0.0006674
46.5,0.0004348
46.52,0.0002483
46.54,0.0001346
46.56,8.38e-05
46.58,6.93e-05
46.6,0.00011
46.62,0.0002472
46.64,0.0005251
46.66,0.0009782
46.68,0.0015813
46.7,0.0021382
46.72,0.0022989
46.74,0.0021441
46.76,0.0020676
46.78,0.0021237
46.8,0.0022931
46.82,0.0026078
46.84,0.0027996
46.86,0.0025902
46.88,0.0022891
46.9,0.0023188
46.92,0.0028278
46.94,0.0035792
46.96,0.003786
46.98,0.0030103
47,0.0019639
47.02,0.0011415
47.04,0.0006087
47.06,0.0003046
47.08,0.0001686
47.1,0.0001621
47.12,0.0002484
47.14,0.0003694
47.16,0.0004805
47.18,0.0005478
47.2,0.0005387
47.22,0.000516
47.24,0.0005594
47.26,0.0006207
47.28,0.0006515
47.3,0.0006675
47.32,0.0006094
47.34,0.0004338
47.36,0.0002463
47.38,9.97e-05
47.4,0
47.42,-5.78e-05
47.44,-6.43e-05
47.46,-1.05e-05
47.48,0.0001165
47.5,0.0003431
47.52,0.0007082
47.54,0.0012337
47.56,0.0018629
47.58,0.0024973
47.6,0.0032207
47.62,0.0040965
47.64,0.0046445
47.66,0.0045622
47.68,0.0039985
47.7,0.003173
47.72,0.002536
47.74,0.0023614
47.76,0.0027059
47.78,0.0034628
47.8,0.0040559
47.82,0.0037873
47.84,0.002958
47.86,0.0022068
47.88,0.0016763
47.9,0.0013137
47.92,0.0011696
47.94,0.0012915
47.96,0.0017056
47.98,0.0023778
48,0.0031709
48.02,0.0035565
48.04,0.0031226
48.06,0.002413
48.08,0.0020169
48.1,0.0020132
48.12,0.0020442
48.14,0.0016437
48.16,0.0009718
48.18,0.0003931
48.2,0
48.22,-0.0002327
48.24,-0.0003659
48.26,-0.0004298
48.28,-0.000454
48.3,-0.0004652
48.32,-0.0004624
48.34,-0.0004177
48.36,-0.0002974
48.38,-7.51e-05
48.4,0.0002468
48.42,0.0005462
48.44,0.000593
48.46,0.0003971
48.48,0.0001998
48.5,9.43e-05
48.52,0.0001225
48.54,0.0002876
48.56,0.0005211
48.58,0.000736
48.6,0.0010056
48.62,0.0014759
48.64,0.002107
48.66,0.0026214
48.68,0.0029772
48.7,0.00336
48.72,0.0038992
48.74,0.004472
48.76,0.0045251
48.78,0.0039472
48.8,0.0031259
48.82,0.0022638
48.84,0.0015557
48.86,0.0011443
48.88,0.001051
48.9,0.0011125
48.92,0.0010112
48.94,0.0006944
48.96,0.0004164
48.98,0.0003196
49,0.0004431
49.02,0.0008252
49.04,0.0015259
49.06,0.0025192
49.08,0.0033986
49.1,0.0033975
49.12,0.0026756
49.14,0.0020571
49.16,0.0017996
49.18,0.0017222
49.2,0.0016329
49.22,0.0014753
49.24,0.0013009
49.26,0.0010513
49.28,0.0007828
49.3,0.0006856
49.32,0.0008881
49.34,0.0014468
49.36,0.0023084
49.38,0.0030818
49.4,0.0030637
49.42,0.002358
49.44,0.0016102
49.46,0.0011252
49.48,0.0009727
49.5,0.0010668
49.52,0.0012271
49.54,0.0013107
49.56,0.0013713
49.58,0.0016678
49.6,0.0024363
49.62,0.0038232
49.64,0.0056318
49.66,0.0068269
49.68,0.0064713
49.7,0.0052759
49.72,0.0038909
49.74,0.0026289
49.76,0.0017125
49.78,0.0011444
49.8,0.0008637
49.82,0.0008605
49.84,0.0012018
49.86,0.0019771
49.88,0.0032686
49.9,0.0049177
49.92,0.0059301
49.94,0.005216
49.96,0.0035352
49.98,0.0020086
50,0.0009833
